sequence,label
MLPGLALLLLAAWTARALEVPTDGNAGLLAEPQIAMFCGRLNMHMNVQNGKWDSDPSGTKTCIDTKEGILQYCQEVYPELQITNVVEANQPVTIQNWCKRGRKQCKTHPHFVIPYRCLVGEFVSDALLVPDKCKFLHQERMDVCETHLHWHTVAKETCSEKSTNLHDYGMLLPCGIDKFRGVEFVCCPLAEESDNVDSADAEEDDSDVWWGGADTDYADGSEDKVVEVAEEEEVAEVEEEEADDDEDDEDGDEVEEEAEEPYEEATERTTSIATTTTTTTESVEEVVREVCSEQAETGPCRAMISRWYFDVTEGKCAPFFYGGCGGNRNNFDTEEYCMAVCGSAMSQSLLKTTQEPLARDPVKLPTTAASTPDAVDKYLETPGDENEHAHFQKAKERLEAKHRERMSQVMREWEEAERQAKNLPKADKKAVIQHFQEKVESLEQEAANERQQLVETHMARVEAMLNDRRRLALENYITALQAVPPRPRHVFNMLKKYVRAEQKDRQHTLKHFEHVRMVDPKKAAQIRSQVMTHLRVIYERMNQSLSLLYNVPAVAEEIQDEVDELLQKEQNYSDDVLANMISEPRISYGNDALMPSLTETKTTVELLPVNGEFSLDDLQPWHSFGADSVPANTENEVEPVDARPAADRGLTTRPGSGLTNIKTEEISEVKMDAEFRHDSGYEVHHQKLVFFAEDVGSNKGAIIGLMVGGVVIATVIVITLVMLKKKQYTSIHHGVVEVDAAVTPEERHLSKMQQNGYENPTYKFFEQMQN,alzheimer
MLPSLALLLLAAWTVRALEVPTDGNAGLLAEPQIAMFCGKLNMHMNVQNGKWESDPSGTKTCIGTKEGILQYCQEVYPELQITNVVEANQPVTIQNWCKRGRKQCKTHTHIVIPYRCLVGEFVSDALLVPDKCKFLHQERMDVCETHLHWHTVAKETCSEKSTNLHDYGMLLPCGIDKFRGVEFVCCPLAEESDSIDSADAEEDDSDVWWGGADTDYADGGEDKVVEVAEEEEVADVEEEEAEDDEDVEDGDEVEEEAEEPYEEATERTTSIATTTTTTTESVEEVVREVCSEQAETGPCRAMISRWYFDVTEGKCAPFFYGGCGGNRNNFDTEEYCMAVCGSVSSQSLLKTTSEPLPQDPVKLPTTAASTPDAVDKYLETPGDENEHAHFQKAKERLEAKHRERMSQVMREWEEAERQAKNLPKADKKAVIQHFQEKVESLEQEAANERQQLVETHMARVEAMLNDRRRLALENYITALQAVPPRPHHVFNMLKKYVRAEQKDRQHTLKHFEHVRMVDPKKAAQIRSQVMTHLRVIYERMNQSLSLLYNVPAVAEEIQDEVDELLQKEQNYSDDVLANMISEPRISYGNDALMPSLTETKTTVELLPVNGEFSLDDLQPWHPFGVDSVPANTENEVEPVDARPAADRGLTTRPGSGLTNIKTEEISEVKMDAEFGHDSGFEVRHQKLVFFAEDVGSNKGAIIGLMVGGVVIATVIVITLVMLKKKQYTSIHHGVVEVDAAVTPEERHLSKMQQNGYENPTYKFFEQMQN,alzheimer
ISEVKMDAEFRHDSGYEVHHQKLVFFAEDVGSNKGAIIGLMVGGVVIATVIVITLVMLK,alzheimer
MLPSLALLLLAAWTVRALEVPTDGNAGLLAEPQIAMFCGKLNMHMNVQNGKWESDPSGTKTCIGTKEGILQYCQEVYPELQITNVVEANQPVTIQNWCKRGRKQCKTHTHIVIPYRCLVGEFVSDALLVPDKCKFLHQERMDVCETHLHWHTVAKETCSEKSTNLHDYGMLLPCGIDKFRGVEFVCCPLAEESDSVDSADAEEDDSDVWWGGADTDYADGGEDKVVEVAEEEEVADVEEEEADDDEDVEDGDEVEEEAEEPYEEATERTTSTATTTTTTTESVEEVVREVCSEQAETGPCRAMISRWYFDVTEGKCVPFFYGGCGGNRNNFDTEEYCMAVCGSVSTQSLLKTTSEPLPQDPDKLPTTAASTPDAVDKYLETPGDENEHAHFQKAKERLEAKHRERMSQVMREWEEAERQAKNLPKADKKAVIQHFQEKVESLEQEAANERQQLVETHMARVEAMLNDRRRLALENYITALQAVPPRPHHVFNMLKKYVRAEQKDRQHTLKHFEHVRMVDPKKAAQIRSQVMTHLRVIYERMNQSLSLLYNVPAVAEEIQDEVDELLQKEQNYSDDVLANMISEPRISYGNDALMPSLTETKTTVELLPVNGEFSLDDLQPWHPFGVDSVPANTENEVEPVDARPAADRGLTTRPGSGLTNIKTEEISEVKMDAEFGHDSGFEVRHQKLVFFAEDVGSNKGAIIGLMVGGVVIATVIVITLVMLKKKQYTSIHHGVVEVDAAVTPEERHLSKMQQNGYENPTYKFFEQMQN,alzheimer
MLPGLALVLLAAWTARALEVPTDGNAGLLAEPQVAMFCGKLNMHMNVQNGKWESDPSGTKTCIGTKEGILQYCQEVYPELQITNVVEANQPVTIQNWCKRSRKQCKTHTHIVIPYRCLVGEFVSDALLVPDKCKFLHQERMDVCETHLHWHTVAKETCSEKSTNLHDYGMLLPCGIDKFRGVEFVCCPLAEESDNIDSADAEEDDSDVWWGGADTDYADGSEDKVVEVAEEEEVADVEEEEAEDDEDDEDGDEVEEEAEEPYEEATERTTSIATTTTTTTESVEEVVREVCSEQAETGPCRAMISRWYFDVTEGKCAPFFYGGCGGNRNNFDTEEYCMAVCGSVMSQSLLKTTQEHLPQDPVKLPTTAASTPDAVDKYLETPGDENEHAHFQKAKERLEAKHRERMSQVMREWEEAERQAKNLPKADKKAVIQHFQEKVESLEQEAANERQQLVETHMARVEAMLNDRRRLALENYITALQAVPPRPRHVFNMLKKYVRAEQKDRQHTLKHFEHVRMVDPKKAAQIRSQVMTHLRVIYERMNQSLSLLYNVPAVAEEIQDEVDELLQKEQNYSDDVLANMISEPRISYGNDALMPSLTETKTTVELLPVNGEFSLDDLQPWHPFGVDSVPANTENEVEPVDARPAADRGLTTRPGSGLTNIKTEEISEVKMDAEFRHDSGYEVHHQKLVFFAEDVGSNKGAIIGLMVGGVVIATVIVITLVMLKKKQYTSIHHGVVEVDAAVTPEERHLSKMQQNGYENPTYKFFEQMQN,alzheimer
MLPGLALLLLAAWTARALEVPTDGNAGLLAEPQIAMFCGRLNMHMNVQNGKWDSDPSGTKTCIDTKEGILQYCQEVYPELQITNVVEANQPVTIQNWCKRGRKQCKTHPHFVIPYRCLVGEFVSDALLVPDKCKFLHQERMDVCETHLHWHTVAKETCSEKSTNLHDYGMLLPCGIDKFRGVEFVCCPLAEESDNVDSADAEEDDSDVWWGGADTDYADGSEDKVVEVAEEEEVAEVEEEEADDDEDDEDGDEVEEEAEEPYEEATERTTSIATTTTTTTESVEEVVREVCSEQAETGPCRAMISRWYFDVTEGKCAPFFYGGCGGNRNNFDTEEYCMAVCGSVMSQSLLKTTQEPLARDPVKLPTTAASTPDAVDKYLETPGDENEHAHFQKAKERLEAKHRERMSQVMREWEEAERQAKNLPKADKKAVIQHFQEKVESLEQEAANERQQLVETHMARVEAMLNDRRRLALENYITALQAVPPRPRHVFNMLKKYVRAEQKDRQHTLKHFEHVRMVDPKKAAQIRSQVMTHLRVIYERMNQSLSLLYNVPAVAEEIQDEVDELLQKEQNYSDDVLANMISEPRISYGNDALMPSLTETKTTVELLPVNGEFSLDDLQPWHSFGADSVPANTENEVEPVDARPAADRGLTTRPGSGLTNIKTEEISEVKMDAEFRHDSGYEVHHQKLVFFAEDVGSNKGAIIGLMVGGVVIATVIVITLVMLKKKQYTSIHHGVVEVDAAVTPEERHLSKMQQNGYENPTYKFFEQMQN,alzheimer
MLLKKHAGKGGGREPRSEDPTPAEQHCARTMPPCAVLAALLSVVAVVSCLYLGVKTNDLQARIAALESAKGAPSIHLLPDTLDHLKTMVQEKVERLLAQKSYEHMAKIRIAREAPSECNCPAGPPGKRGKRGRRGESGPPGQPGPQGPPGPKGDKGEQGDQGPRMVFPKINHGFLSADQQLIKRRLIKGDQGQAGPPGPPGPPGPRGPPGDTGKDGPRGMPGVPGEPGKPGEQGLMGPLGPPGQKGSIGAPGIPGMNGQKGEPGLPGAVGQNGIPGPKGEPGEQGEKGDAGENGPKGDTGEKGDPGSSAAGIKGEPGESGRPGQKGEPGLPGLPGLPGIKGEPGFIGPQGEPGLPGLPGTKGERGEAGPPGRGERGEPGAPGPKGKQGESGTRGPKGSKGDRGEKGDSGAQGPRGPPGQKGDQGATEIIDYNGNLHEALQRITTLTVTGPPGPPGPQGLQGPKGEQGSPGIPGMDGEQGLKGSKGDMGDPGMTGEKGGIGLPGLPGANGMKGEKGDSGMPGPQGPSIIGPPGPPGPHGPPGPMGPHGLPGPKGTDGPMGPHGPAGPKGERGEKGAMGEPGPRGPYGLPGKDGEPGLDGFPGPRGEKGDLGEKGEKGFRGVKGEKGEPGQPGLDGLDAPCQLGPDGLPMPGCWQK,alzheimer
MASERLPNRPACLLVASGAAEGVSAQSFLHCFTMASTAFNLQVATPGGKAMEFVDVTESNARWVQDFRLKAYASPAKLESIDGARYHALLIPSCPGALTDLASSGSLARILQHFHSESKPICAVGHGVAALCCATNEDRSWVFDSYSLTGPSVCELVRAPGFARLPLVVEDFVKDSGACFSASEPDAVHVVLDRHLVTGQNASSTVPAVQNLLFLCGSRK,parkinson
MASERLPSRPACLLVASGAAEGVSAQSFLHCFTLASAAFNLQVATPGGKTMDFVDVNESNARWVQDFRLKAYASPAKLESIDGARYHALLIPSCPGALVDLASSGSLARILQHFHSESKPICAVGHGVAALCCATSEDRSWVFQGYSVTGPSVYELVRAPGFAHLPLIVEDFVKDAGACFSASEPDAMHVVLDRHLVTGQNASSTVPAVQNLLFLCGSRK,parkinson
MASKRALVILAKGAEEMETVIPVDVMRRAGIKVTVAGLAGKDPVQCSRDVVICPDASLEDAKKEGPYDVVVLPGGNLGAQNLSESAAVKEILKEQENRKGLIAAICAGPTALLAHEIGFGSKVTTHPLAKDKMMNGGHYTYSENRVEKDGLILTSRGPGTSFEFALAIVEALNGKEVAAQVKAPLVLKD,parkinson
MASKRALVILAKGAEEMETVIPVDIMRRAGIKVTVAGLAGKDPVQCSRDVVICPDTSLEEAKTQGPYDVVVLPGGNLGAQNLSESALVKEILKEQENRKGLIAAICAGPTALLAHEVGFGCKVTSHPLAKDKMMNGSHYSYSESRVEKDGLILTSRGPGTSFEFALAIVEALSGKDMANQVKAPLVLKD,parkinson
MASKRALVILAKGAEEMETVIPVDVMRRAGIKVTVAGLAGKDPVQCSRDVVICPDASLEDAKKEGPYDVVVLPGGNLGAQNLSESAAVKEILKEQEKRKGLIAAICAGPTALLAHEIGFGSKVTTHPLAKDKMMNGSHYSYSENRVEKDGLILTSRGPGTSFEFALKIVEVLVGKEVADQVKAPLVLKD,parkinson
MASKRALVILAKGAEEMETVIPVDIMRRAGIKVTVAGLAGKDPVQCSRDVMICPDTSLEDAKKQGPYDVVVLPGGNLGAQNLSESPVVKEILKEQESRKGLIAAICAGPTALLAHEIGFGSKVTTHPGAKDKMMNGSHYSYSESRVEKDGLILTSRGPGTSFEFALAIVEALSGKEAADQVKAPLVLKD,parkinson
MIVFVRFNSSHGFPVEVDSDTSIFQLKEVVAKRQGVPADQLRVIFAGKELRNDWTVQNCDLDQQSIVHIVQRPWRKGQEMNATGGDDPRNAAGGCEREPQSLTRVDLSSSVLPGDSVGLAVILHTDSRKDSPPAGSPAGRSIYNSFYVYCKGPCQRVQPGKLRVQCSTCRQATLTLTQGPSCWDDVLIPNRMSGECQSPHCPGTSAEFFFKCGAHPTSDKETSVALHLIATNSRNITCITCTDVRSPVLVFQCNSRHVICLDCFHLYCVTRLNDRQFVHDPQLGYSLPCVAGCPNSLIKELHHFRILGEEQYNRYQQYGAEECVLQMGGVLCPRPGCGAGLLPEPDQRKVTCEGGNGLGCGFAFCRECKEAYHEGECSAVFEASGTTTQAYRVDERAAEQARWEAASKETIKKTTKPCPRCHVPVEKNGGCMHMKCPQPQCRLEWCWNCGCEWNRVCMGDHWFDV,parkinson
MKLTTTFLVLCVALLSDSGVAFFMDSLAKPAVEPVAALAPAAEAVAGAVPSLPLSHLAILRFILASMGIPLDPLIEGSRKCVTELGPEAVGAVKSLLGVLTMFG,normal
MGVFQILMKNKELIPLAFFISVAATGATSFALYALKKTDVVIDRKRNPEPWEMVDPTQPQKLITINQQWKPVEELQKVRRATR,normal
MVPAAGALLWVLLLNLGPRAAGAQGLTQTPTEMQRVSLRFGGPMTRSYRSTARTGLPRKTRIILEDENDAMADADRLAGPAAAELLAATVSTGFSRSSAINEEDGSSEEGVVINAGKDSTSRELPSATPNTAGSSSTRFIANSQEPEIRLTSSLPRSPGRSTEDLPGSQATLSQWSTPGSTPSRWPSPSPTAMPSPEDLRLVLMPWGPWHCHCKSGTMSRSRSGKLHGLSGRLRVGALSQLRTEHKPCTYQQCPCNRLREECPLDTSLCTDTNCASQSTTSTRTTTTPFPTIHLRSSPSLPPASPCPALAFWKRVRIGLEDIWNSLSSVFTEMQPIDRNQR,normal
MVPAACMLLWALLLSLESRAAGAEDQKTNPTATTVRMQRVSFHFGGPARSLRSTNPTARTSISRKLRVTLEDENDALATADRLAVPAAAELLSTVTGYSRSSLSNSGDWEEDGSLEEGVVDTRKTTNNPITIFSTTNTVGSSSTTGRFVANSQEREIRLTTDMRSPSSKTTVDLSSETTLQQWSTPGSTPSPWPKPSLTAMPSPEDLRVVLMPWGPWHCHCKSGTMSRSRAGKLHGLSGRLRVGALNELRTEHRPCTYQLCTCNRQLEECPLDSSLCTDHSCSTHVASTISPIPVHLRRRPILPPTSPSPSPALAFWKRVRIGLEDIWNSLSSVFTETQPIERT,normal
MGIFQRLMKNKELIPLAFFISAAATGASSFALYALKKTDVVIDRKRNPEPWETVDPTQPQKLLTINQEWKPVEELQRVRRATR,normal
MGPPSAPPCRLHVPWKEVLLTASLLTFWNPPTTAKLTIESTPFNVAEGKEVLLLAHNLPQNRIGYSWYKGERVDGNSLIVGYVIGTQQATPGPAYSGRETIYPNASLLIQNVTQNDTGFYTLQVIKSDLVNEEATGQFHVYPELPKPSISSNNSNPVEDKDAVAFTCEPEVQNTTYLWWVNGQSLPVSPRLQLSNGNMTLTLLSVKRNDAGSYECEIQNPASANRSDPVTLNVLYGPDGPTISPSKANYRPGENLNLSCHAASNPPAQYSWFINGTFQQSTQELFIPNITVNNSGSYMCQAHNSATGLNRTTVTMITVSGSAPVLSAVATVGITIGVLARVALI,normal
MVQKKKFCPRLLDYLVIVGARHPSSDSVAQTPELLRRYPLEDHTEFPLPPDVVFFCQPEGCLSVRQRRMSLRDDTSFVFTLTDKDTGVTRYGICVNFYRSFQKRISKEKGEGGAGSRGKEGTHATCASEEGGTESSESGSSLQPLSADSTPDVNQSPRGKRRAKAGSRSRNSTLTSLCVLSHYPFFSTFRECLYTLKRLVDCCSERLLGKKLGIPRGVQRDTMWRIFTGSLLVEEKSSALLHDLREIEAWIYRLLRSPVPVSGQKRVDIEVLPQELQPALTFALPDPSRFTLVDFPLHLPLELLGVDACLQVLTCILLEHKVVLQSRDYNALSMSVMAFVAMIYPLEYMFPVIPLLPTCMASAEQLLLAPTPYIIGVPASFFLYKLDFKMPDDVWLVDLDSNRVIAPTNAEVLPILPEPESLELKKHLKQALASMSLNTQPILNLEKFHEGQEIPLLLGRPSNDLQSTPSTEFNPLIYGNDVDSVDVATRVAMVRFFNSANVLQGFQMHTRTLRLFPRPVVAFQAGSFLASRPRQTPFAEKLARTQAVEYFGEWILNPTNYAFQRIHNNMFDPALIGDKPKWYAHQLQPIHYRVYDSNSQLAEALSVPPERDSDSEPTDDSGSDSMDYDDSSSSYSSLGDFVSEMMKCDINGDTPNVDPLTHAALGDASEVEIDELQNQKEAEEPGPDSENSQENPPLRSSSSTTASSSPSTVIHGANSEPADSTEMDDKAAVGVSKPLPSVPPSIGKSNVDRRQAEIGEGSVRRRIYDNPYFEPQYGFPPEEDEDEQGESYTPRFSQHVSGNRAQKLLRPNSLRLASDSDAESDSRASSPNSTVSNTSTEGFGGIMSFASSLYRNHSTSFSLSNLTLPTKGAREKATPFPSLKVFGLNTLMEIVTEAGPGSGEGNRRALVDQKSSVIKHSPTVKREPPSPQGRSSNSSENQQFLKEVVHSVLDGQGVGWLNMKKVRRLLESEQLRVFVLSKLNRMVQSEDDARQDIIPDVEISRKVYKGMLDLLKCTVLSLEQSYAHAGLGGMASIFGLLEIAQTHYYSKEPDKRKRSPTESVNTPVGKDPGLAGRGDPKAMAQLRVPQLGPRAPSATGKGPKELDTRSLKEENFIASIELWNKHQEVKKQKALEKQRPEVIKPVFDLGETEEKKSQISADSGVSLTSSSQRTDQDSVIGVSPAVMIRSSSQDSEVSTVVSNSSGETLGADSDLSSNAGDGPGGEGSVHLASSRGTLSDSEIETNSATSTIFGKAHSLKPSIKEKLAGSPIRTSEDVSQRVYLYEGLLGRDKGSMWDQLEDAAMETFSISKERSTLWDQMQFWEDAFLDAVMLEREGMGMDQGPQEMIDRYLSLGEHDRKRLEDDEDRLLATLLHNLISYMLLMKVNKNDIRKKVRRLMGKSHIGLVYSQQINEVLDQLANLNGRDLSIWSSGSRHMKKQTFVVHAGTDTNGDIFFMEVCDDCVVLRSNIGTVYERWWYEKLINMTYCPKTKVLCLWRRNGSETQLNKFYTKKCRELYYCVKDSMERAAARQQSIKPGPELGGEFPVQDLKTGEGGLLQVTLEGINLKFMHNQVFIELNHIKKCNTVRGVFVLEEFVPEIKEVVSHKYKTPMAHEICYSVLCLFSYVAAVHSSEEDLRTPPRPVSS,normal
